{
  "project_info": {
    "project_number": "887379670059",
    "project_id": "swoosh-27d33",
    "storage_bucket": "swoosh-27d33.firebasestorage.app"
  },
  "client": [
    {
      "client_info": {
        "mobilesdk_app_id": "1:887379670059:android:45511982dad0ae3045e66e",
        "android_client_info": {
          "package_name": "com.swoosh.tennistrack"
        }
      },
      "oauth_client": [
        {
          "client_id": "887379670059-vlvl3rad7p0ecfsq0jf2fu2hk5uujh53.apps.googleusercontent.com",
          "client_type": 3
        }
      ],
      "api_key": [
        {
          "current_key": "AIzaSyAPJBnQcRMvjluNDSDVOfmQKsJ8VXIbPi8"
        }
      ],
      "services": {
        "appinvite_service": {
          "other_platform_oauth_client": [
            {
              "client_id": "887379670059-vlvl3rad7p0ecfsq0jf2fu2hk5uujh53.apps.googleusercontent.com",
              "client_type": 3
            },
            {
              "client_id": "887379670059-lanmqndui9hglp3ut5ivamccskliqv76.apps.googleusercontent.com",
              "client_type": 2,
              "ios_info": {
                "bundle_id": "com.example.swoosh"
              }
            }
          ]
        }
      }
    }
  ],
  "configuration_version": "1"
}